"Comment","Designator","Footprint","LCSC Part #"
"100nF","C1,C4,C3,C10","C_0805_2012Metric","C49678"
"10nF","C2","C_0805_2012Metric","C1710"
"1uF","C5","C_0805_2012Metric","C28323"
"4.7uF","C8,C7,C6","C_0805_2012Metric","C1779"
"10uF","C9","C_0805_2012Metric","C15850"
"1N4148WS","D1,D5,D9,D13,D14,D10,D6,D2,D3,D7,D11,D15,D16,D12,D8,D4","D_SOD-323","C2128"
"2.2uH","L1","L_0805_2012Metric","C1043"
"330","R1","R_0805_2012Metric","C17630"
"825","R2,R6,R7,R8","R_0805_2012Metric","C17839"
"5k1","R3","R_0805_2012Metric","C27834"
"453k","R4","R_0805_2012Metric","C17702"
"100k","R5","R_0805_2012Metric","C17407"
"STM32F042K6Tx","U1","LQFP-32_7x7mm_P0.8mm","C69216"
"USBLC6-2SC6","U2","SOT-23-6","C7519"
"TLV62568DRL","U3","SOT-563","C398370"
