<?xml version="1.0" encoding="UTF-8"?>
<export version="D">
  <design>
    <source>/home/ben/Kicad/icepad/icepad/icepad.sch</source>
    <date>Thu 23 Apr 2020 14:23:23 BST</date>
    <tool>Eeschema 5.1.5-52549c5~86~ubuntu18.04.1</tool>
    <sheet number="1" name="/" tstamps="/">
      <title_block>
        <title>icepad</title>
        <company/>
        <rev>0.1</rev>
        <date>2020-02-08</date>
        <source>icepad.sch</source>
        <comment number="1" value=""/>
        <comment number="2" value=""/>
        <comment number="3" value=""/>
        <comment number="4" value=""/>
      </title_block>
    </sheet>
  </design>
  <components>
    <comp ref="MX13">
      <value>MX-LED</value>
      <footprint>MX_Only:MXOnly-1U</footprint>
      <libsource lib="icepad-rescue" part="MX-LED-MX_Alps_Hybrid" description=""/>
      <sheetpath names="/" tstamps="/"/>
      <tstamp>5E3D019F</tstamp>
    </comp>
    <comp ref="MX9">
      <value>MX-LED</value>
      <footprint>MX_Only:MXOnly-1U</footprint>
      <libsource lib="icepad-rescue" part="MX-LED-MX_Alps_Hybrid" description=""/>
      <sheetpath names="/" tstamps="/"/>
      <tstamp>5E3CFD52</tstamp>
    </comp>
    <comp ref="MX5">
      <value>MX-LED</value>
      <footprint>MX_Only:MXOnly-1U</footprint>
      <libsource lib="icepad-rescue" part="MX-LED-MX_Alps_Hybrid" description=""/>
      <sheetpath names="/" tstamps="/"/>
      <tstamp>5E3CF79D</tstamp>
    </comp>
    <comp ref="MX1">
      <value>MX-LED</value>
      <footprint>MX_Only:MXOnly-1U</footprint>
      <libsource lib="icepad-rescue" part="MX-LED-MX_Alps_Hybrid" description=""/>
      <sheetpath names="/" tstamps="/"/>
      <tstamp>5E3CC50A</tstamp>
    </comp>
    <comp ref="MX14">
      <value>MX-LED</value>
      <footprint>MX_Only:MXOnly-1U</footprint>
      <libsource lib="icepad-rescue" part="MX-LED-MX_Alps_Hybrid" description=""/>
      <sheetpath names="/" tstamps="/"/>
      <tstamp>5E3DAD98</tstamp>
    </comp>
    <comp ref="MX10">
      <value>MX-LED</value>
      <footprint>MX_Only:MXOnly-1U</footprint>
      <libsource lib="icepad-rescue" part="MX-LED-MX_Alps_Hybrid" description=""/>
      <sheetpath names="/" tstamps="/"/>
      <tstamp>5E3DAD9E</tstamp>
    </comp>
    <comp ref="MX6">
      <value>MX-LED</value>
      <footprint>MX_Only:MXOnly-1U</footprint>
      <libsource lib="icepad-rescue" part="MX-LED-MX_Alps_Hybrid" description=""/>
      <sheetpath names="/" tstamps="/"/>
      <tstamp>5E3DADA4</tstamp>
    </comp>
    <comp ref="MX2">
      <value>MX-LED</value>
      <footprint>MX_Only:MXOnly-1U</footprint>
      <libsource lib="icepad-rescue" part="MX-LED-MX_Alps_Hybrid" description=""/>
      <sheetpath names="/" tstamps="/"/>
      <tstamp>5E3DADAA</tstamp>
    </comp>
    <comp ref="MX15">
      <value>MX-LED</value>
      <footprint>MX_Only:MXOnly-1U</footprint>
      <libsource lib="icepad-rescue" part="MX-LED-MX_Alps_Hybrid" description=""/>
      <sheetpath names="/" tstamps="/"/>
      <tstamp>5E3E5D0A</tstamp>
    </comp>
    <comp ref="MX11">
      <value>MX-LED</value>
      <footprint>MX_Only:MXOnly-1U</footprint>
      <libsource lib="icepad-rescue" part="MX-LED-MX_Alps_Hybrid" description=""/>
      <sheetpath names="/" tstamps="/"/>
      <tstamp>5E3E5D10</tstamp>
    </comp>
    <comp ref="MX7">
      <value>MX-LED</value>
      <footprint>MX_Only:MXOnly-1U</footprint>
      <libsource lib="icepad-rescue" part="MX-LED-MX_Alps_Hybrid" description=""/>
      <sheetpath names="/" tstamps="/"/>
      <tstamp>5E3E5D16</tstamp>
    </comp>
    <comp ref="MX3">
      <value>MX-LED</value>
      <footprint>MX_Only:MXOnly-1U</footprint>
      <libsource lib="icepad-rescue" part="MX-LED-MX_Alps_Hybrid" description=""/>
      <sheetpath names="/" tstamps="/"/>
      <tstamp>5E3E5D1C</tstamp>
    </comp>
    <comp ref="MX4">
      <value>MX-LED</value>
      <footprint>MX_Only:MXOnly-1U</footprint>
      <libsource lib="icepad-rescue" part="MX-LED-MX_Alps_Hybrid" description=""/>
      <sheetpath names="/" tstamps="/"/>
      <tstamp>5E3E5D34</tstamp>
    </comp>
    <comp ref="MX8">
      <value>MX-LED</value>
      <footprint>MX_Only:MXOnly-1U</footprint>
      <libsource lib="icepad-rescue" part="MX-LED-MX_Alps_Hybrid" description=""/>
      <sheetpath names="/" tstamps="/"/>
      <tstamp>5E3E5D2E</tstamp>
    </comp>
    <comp ref="MX12">
      <value>MX-LED</value>
      <footprint>MX_Only:MXOnly-1U</footprint>
      <libsource lib="icepad-rescue" part="MX-LED-MX_Alps_Hybrid" description=""/>
      <sheetpath names="/" tstamps="/"/>
      <tstamp>5E3E5D28</tstamp>
    </comp>
    <comp ref="MX16">
      <value>MX-LED</value>
      <footprint>MX_Only:MXOnly-1U</footprint>
      <libsource lib="icepad-rescue" part="MX-LED-MX_Alps_Hybrid" description=""/>
      <sheetpath names="/" tstamps="/"/>
      <tstamp>5E3E5D22</tstamp>
    </comp>
    <comp ref="U1">
      <value>STM32F042K6Tx</value>
      <footprint>Package_QFP:LQFP-32_7x7mm_P0.8mm</footprint>
      <datasheet>http://www.st.com/st-web-ui/static/active/en/resource/technical/document/datasheet/DM00105814.pdf</datasheet>
      <fields>
        <field name="LCSC">C69216</field>
      </fields>
      <libsource lib="MCU_ST_STM32F0" part="STM32F042K6Tx" description="ARM Cortex-M0 MCU, 32KB flash, 6KB RAM, 48MHz, 2-3.6V, 26 GPIO, LQFP-32"/>
      <sheetpath names="/" tstamps="/"/>
      <tstamp>5E434D15</tstamp>
    </comp>
    <comp ref="C1">
      <value>100nF</value>
      <footprint>Capacitor_SMD:C_0805_2012Metric</footprint>
      <datasheet>~</datasheet>
      <fields>
        <field name="LCSC">C49678</field>
      </fields>
      <libsource lib="Device" part="C_Small" description="Unpolarized capacitor, small symbol"/>
      <sheetpath names="/" tstamps="/"/>
      <tstamp>5E4374EF</tstamp>
    </comp>
    <comp ref="C5">
      <value>1uF</value>
      <footprint>Capacitor_SMD:C_0805_2012Metric</footprint>
      <datasheet>~</datasheet>
      <fields>
        <field name="LCSC">C28323</field>
      </fields>
      <libsource lib="Device" part="C_Small" description="Unpolarized capacitor, small symbol"/>
      <sheetpath names="/" tstamps="/"/>
      <tstamp>5E5ABFCD</tstamp>
    </comp>
    <comp ref="C2">
      <value>10nF</value>
      <footprint>Capacitor_SMD:C_0805_2012Metric</footprint>
      <datasheet>~</datasheet>
      <fields>
        <field name="LCSC">C1710</field>
      </fields>
      <libsource lib="Device" part="C_Small" description="Unpolarized capacitor, small symbol"/>
      <sheetpath names="/" tstamps="/"/>
      <tstamp>5E5ABFE3</tstamp>
    </comp>
    <comp ref="J1">
      <value>Conn_01x04</value>
      <footprint>Connector_PinHeader_2.54mm:PinHeader_1x04_P2.54mm_Horizontal</footprint>
      <datasheet>~</datasheet>
      <libsource lib="Connector_Generic" part="Conn_01x04" description="Generic connector, single row, 01x04, script generated (kicad-library-utils/schlib/autogen/connector/)"/>
      <sheetpath names="/" tstamps="/"/>
      <tstamp>5EA45D50</tstamp>
    </comp>
    <comp ref="U2">
      <value>USBLC6-2SC6</value>
      <footprint>Package_TO_SOT_SMD:SOT-23-6</footprint>
      <datasheet>http://www2.st.com/resource/en/datasheet/CD00050750.pdf</datasheet>
      <fields>
        <field name="LCSC">C7519</field>
      </fields>
      <libsource lib="Power_Protection" part="USBLC6-2SC6" description="Bidirectional ESD Protection Diode, SOT-23-6"/>
      <sheetpath names="/" tstamps="/"/>
      <tstamp>5EA1B791</tstamp>
    </comp>
    <comp ref="U3">
      <value>TLV62568DRL</value>
      <footprint>Package_TO_SOT_SMD:SOT-563</footprint>
      <datasheet>http://www.ti.com/lit/ds/symlink/tlv62568.pdf</datasheet>
      <fields>
        <field name="LCSC">C398370</field>
      </fields>
      <libsource lib="Regulator_Switching" part="TLV62568DRL" description="High Efficiency Synchronous Buck Converter, Adjustable Output 0.6V-5.5V, 1A, SOT-563-6"/>
      <sheetpath names="/" tstamps="/"/>
      <tstamp>5EB94D98</tstamp>
    </comp>
    <comp ref="C8">
      <value>4.7uF</value>
      <footprint>Capacitor_SMD:C_0805_2012Metric</footprint>
      <datasheet>~</datasheet>
      <fields>
        <field name="LCSC">C1779</field>
      </fields>
      <libsource lib="Device" part="C_Small" description="Unpolarized capacitor, small symbol"/>
      <sheetpath names="/" tstamps="/"/>
      <tstamp>5EB96418</tstamp>
    </comp>
    <comp ref="L1">
      <value>2.2uH</value>
      <footprint>Inductor_SMD:L_0805_2012Metric</footprint>
      <datasheet>~</datasheet>
      <fields>
        <field name="LCSC">C1043</field>
      </fields>
      <libsource lib="Device" part="L_Small" description="Inductor, small symbol"/>
      <sheetpath names="/" tstamps="/"/>
      <tstamp>5EB9817C</tstamp>
    </comp>
    <comp ref="R4">
      <value>453k</value>
      <footprint>Resistor_SMD:R_0805_2012Metric</footprint>
      <datasheet>~</datasheet>
      <fields>
        <field name="LCSC">C17702</field>
      </fields>
      <libsource lib="Device" part="R_Small" description="Resistor, small symbol"/>
      <sheetpath names="/" tstamps="/"/>
      <tstamp>5EC3933B</tstamp>
    </comp>
    <comp ref="R5">
      <value>100k</value>
      <footprint>Resistor_SMD:R_0805_2012Metric</footprint>
      <datasheet>~</datasheet>
      <fields>
        <field name="LCSC">C17407</field>
      </fields>
      <libsource lib="Device" part="R_Small" description="Resistor, small symbol"/>
      <sheetpath names="/" tstamps="/"/>
      <tstamp>5EC39B07</tstamp>
    </comp>
    <comp ref="C9">
      <value>10uF</value>
      <footprint>Capacitor_SMD:C_0805_2012Metric</footprint>
      <datasheet>~</datasheet>
      <fields>
        <field name="LCSC">C15850</field>
      </fields>
      <libsource lib="Device" part="C_Small" description="Unpolarized capacitor, small symbol"/>
      <sheetpath names="/" tstamps="/"/>
      <tstamp>5ED2C149</tstamp>
    </comp>
    <comp ref="D1">
      <value>1N4148WS</value>
      <footprint>Diode_SMD:D_SOD-323</footprint>
      <datasheet>https://www.vishay.com/docs/85751/1n4148ws.pdf</datasheet>
      <fields>
        <field name="LCSC">C2128</field>
      </fields>
      <libsource lib="Diode" part="1N4148WS" description="75V 0.15A Fast switching Diode, SOD-323"/>
      <sheetpath names="/" tstamps="/"/>
      <tstamp>5EE15D1B</tstamp>
    </comp>
    <comp ref="D5">
      <value>1N4148WS</value>
      <footprint>Diode_SMD:D_SOD-323</footprint>
      <datasheet>https://www.vishay.com/docs/85751/1n4148ws.pdf</datasheet>
      <fields>
        <field name="LCSC">C2128</field>
      </fields>
      <libsource lib="Diode" part="1N4148WS" description="75V 0.15A Fast switching Diode, SOD-323"/>
      <sheetpath names="/" tstamps="/"/>
      <tstamp>5EF7F692</tstamp>
    </comp>
    <comp ref="D9">
      <value>1N4148WS</value>
      <footprint>Diode_SMD:D_SOD-323</footprint>
      <datasheet>https://www.vishay.com/docs/85751/1n4148ws.pdf</datasheet>
      <fields>
        <field name="LCSC">C2128</field>
      </fields>
      <libsource lib="Diode" part="1N4148WS" description="75V 0.15A Fast switching Diode, SOD-323"/>
      <sheetpath names="/" tstamps="/"/>
      <tstamp>5EF7FCC0</tstamp>
    </comp>
    <comp ref="D13">
      <value>1N4148WS</value>
      <footprint>Diode_SMD:D_SOD-323</footprint>
      <datasheet>https://www.vishay.com/docs/85751/1n4148ws.pdf</datasheet>
      <fields>
        <field name="LCSC">C2128</field>
      </fields>
      <libsource lib="Diode" part="1N4148WS" description="75V 0.15A Fast switching Diode, SOD-323"/>
      <sheetpath names="/" tstamps="/"/>
      <tstamp>5EF7FF7F</tstamp>
    </comp>
    <comp ref="D14">
      <value>1N4148WS</value>
      <footprint>Diode_SMD:D_SOD-323</footprint>
      <datasheet>https://www.vishay.com/docs/85751/1n4148ws.pdf</datasheet>
      <fields>
        <field name="LCSC">C2128</field>
      </fields>
      <libsource lib="Diode" part="1N4148WS" description="75V 0.15A Fast switching Diode, SOD-323"/>
      <sheetpath names="/" tstamps="/"/>
      <tstamp>5EF80424</tstamp>
    </comp>
    <comp ref="D10">
      <value>1N4148WS</value>
      <footprint>Diode_SMD:D_SOD-323</footprint>
      <datasheet>https://www.vishay.com/docs/85751/1n4148ws.pdf</datasheet>
      <fields>
        <field name="LCSC">C2128</field>
      </fields>
      <libsource lib="Diode" part="1N4148WS" description="75V 0.15A Fast switching Diode, SOD-323"/>
      <sheetpath names="/" tstamps="/"/>
      <tstamp>5EF8086F</tstamp>
    </comp>
    <comp ref="D6">
      <value>1N4148WS</value>
      <footprint>Diode_SMD:D_SOD-323</footprint>
      <datasheet>https://www.vishay.com/docs/85751/1n4148ws.pdf</datasheet>
      <fields>
        <field name="LCSC">C2128</field>
      </fields>
      <libsource lib="Diode" part="1N4148WS" description="75V 0.15A Fast switching Diode, SOD-323"/>
      <sheetpath names="/" tstamps="/"/>
      <tstamp>5EF80CC0</tstamp>
    </comp>
    <comp ref="D2">
      <value>1N4148WS</value>
      <footprint>Diode_SMD:D_SOD-323</footprint>
      <datasheet>https://www.vishay.com/docs/85751/1n4148ws.pdf</datasheet>
      <fields>
        <field name="LCSC">C2128</field>
      </fields>
      <libsource lib="Diode" part="1N4148WS" description="75V 0.15A Fast switching Diode, SOD-323"/>
      <sheetpath names="/" tstamps="/"/>
      <tstamp>5EF80FC7</tstamp>
    </comp>
    <comp ref="D3">
      <value>1N4148WS</value>
      <footprint>Diode_SMD:D_SOD-323</footprint>
      <datasheet>https://www.vishay.com/docs/85751/1n4148ws.pdf</datasheet>
      <fields>
        <field name="LCSC">C2128</field>
      </fields>
      <libsource lib="Diode" part="1N4148WS" description="75V 0.15A Fast switching Diode, SOD-323"/>
      <sheetpath names="/" tstamps="/"/>
      <tstamp>5EF82F48</tstamp>
    </comp>
    <comp ref="D7">
      <value>1N4148WS</value>
      <footprint>Diode_SMD:D_SOD-323</footprint>
      <datasheet>https://www.vishay.com/docs/85751/1n4148ws.pdf</datasheet>
      <fields>
        <field name="LCSC">C2128</field>
      </fields>
      <libsource lib="Diode" part="1N4148WS" description="75V 0.15A Fast switching Diode, SOD-323"/>
      <sheetpath names="/" tstamps="/"/>
      <tstamp>5EF832C7</tstamp>
    </comp>
    <comp ref="D11">
      <value>1N4148WS</value>
      <footprint>Diode_SMD:D_SOD-323</footprint>
      <datasheet>https://www.vishay.com/docs/85751/1n4148ws.pdf</datasheet>
      <fields>
        <field name="LCSC">C2128</field>
      </fields>
      <libsource lib="Diode" part="1N4148WS" description="75V 0.15A Fast switching Diode, SOD-323"/>
      <sheetpath names="/" tstamps="/"/>
      <tstamp>5EF834C0</tstamp>
    </comp>
    <comp ref="D15">
      <value>1N4148WS</value>
      <footprint>Diode_SMD:D_SOD-323</footprint>
      <datasheet>https://www.vishay.com/docs/85751/1n4148ws.pdf</datasheet>
      <fields>
        <field name="LCSC">C2128</field>
      </fields>
      <libsource lib="Diode" part="1N4148WS" description="75V 0.15A Fast switching Diode, SOD-323"/>
      <sheetpath names="/" tstamps="/"/>
      <tstamp>5EF83713</tstamp>
    </comp>
    <comp ref="D16">
      <value>1N4148WS</value>
      <footprint>Diode_SMD:D_SOD-323</footprint>
      <datasheet>https://www.vishay.com/docs/85751/1n4148ws.pdf</datasheet>
      <fields>
        <field name="LCSC">C2128</field>
      </fields>
      <libsource lib="Diode" part="1N4148WS" description="75V 0.15A Fast switching Diode, SOD-323"/>
      <sheetpath names="/" tstamps="/"/>
      <tstamp>5EF83990</tstamp>
    </comp>
    <comp ref="D12">
      <value>1N4148WS</value>
      <footprint>Diode_SMD:D_SOD-323</footprint>
      <datasheet>https://www.vishay.com/docs/85751/1n4148ws.pdf</datasheet>
      <fields>
        <field name="LCSC">C2128</field>
      </fields>
      <libsource lib="Diode" part="1N4148WS" description="75V 0.15A Fast switching Diode, SOD-323"/>
      <sheetpath names="/" tstamps="/"/>
      <tstamp>5EF83F79</tstamp>
    </comp>
    <comp ref="D8">
      <value>1N4148WS</value>
      <footprint>Diode_SMD:D_SOD-323</footprint>
      <datasheet>https://www.vishay.com/docs/85751/1n4148ws.pdf</datasheet>
      <fields>
        <field name="LCSC">C2128</field>
      </fields>
      <libsource lib="Diode" part="1N4148WS" description="75V 0.15A Fast switching Diode, SOD-323"/>
      <sheetpath names="/" tstamps="/"/>
      <tstamp>5EF8442A</tstamp>
    </comp>
    <comp ref="D4">
      <value>1N4148WS</value>
      <footprint>Diode_SMD:D_SOD-323</footprint>
      <datasheet>https://www.vishay.com/docs/85751/1n4148ws.pdf</datasheet>
      <fields>
        <field name="LCSC">C2128</field>
      </fields>
      <libsource lib="Diode" part="1N4148WS" description="75V 0.15A Fast switching Diode, SOD-323"/>
      <sheetpath names="/" tstamps="/"/>
      <tstamp>5EF84707</tstamp>
    </comp>
    <comp ref="C4">
      <value>100nF</value>
      <footprint>Capacitor_SMD:C_0805_2012Metric</footprint>
      <datasheet>~</datasheet>
      <fields>
        <field name="LCSC">C49678</field>
      </fields>
      <libsource lib="Device" part="C_Small" description="Unpolarized capacitor, small symbol"/>
      <sheetpath names="/" tstamps="/"/>
      <tstamp>5EF859BD</tstamp>
    </comp>
    <comp ref="C3">
      <value>100nF</value>
      <footprint>Capacitor_SMD:C_0805_2012Metric</footprint>
      <datasheet>~</datasheet>
      <fields>
        <field name="LCSC">C49678</field>
      </fields>
      <libsource lib="Device" part="C_Small" description="Unpolarized capacitor, small symbol"/>
      <sheetpath names="/" tstamps="/"/>
      <tstamp>5EF861C3</tstamp>
    </comp>
    <comp ref="C7">
      <value>4.7uF</value>
      <footprint>Capacitor_SMD:C_0805_2012Metric</footprint>
      <datasheet>~</datasheet>
      <fields>
        <field name="LCSC">C1779</field>
      </fields>
      <libsource lib="Device" part="C_Small" description="Unpolarized capacitor, small symbol"/>
      <sheetpath names="/" tstamps="/"/>
      <tstamp>5EF865D2</tstamp>
    </comp>
    <comp ref="C6">
      <value>4.7uF</value>
      <footprint>Capacitor_SMD:C_0805_2012Metric</footprint>
      <datasheet>~</datasheet>
      <fields>
        <field name="LCSC">C1779</field>
      </fields>
      <libsource lib="Device" part="C_Small" description="Unpolarized capacitor, small symbol"/>
      <sheetpath names="/" tstamps="/"/>
      <tstamp>5EF86CD5</tstamp>
    </comp>
    <comp ref="R3">
      <value>5k1</value>
      <footprint>Resistor_SMD:R_0805_2012Metric</footprint>
      <datasheet>~</datasheet>
      <fields>
        <field name="LCSC">C27834</field>
      </fields>
      <libsource lib="Device" part="R_Small" description="Resistor, small symbol"/>
      <sheetpath names="/" tstamps="/"/>
      <tstamp>5EF87192</tstamp>
    </comp>
    <comp ref="J2">
      <value>USB_B_Mini</value>
      <footprint>digikey-footprints:USB_Mini_B_Female_548190519</footprint>
      <datasheet>~</datasheet>
      <libsource lib="Connector" part="USB_B_Mini" description="USB Mini Type B connector"/>
      <sheetpath names="/" tstamps="/"/>
      <tstamp>5EAAD320</tstamp>
    </comp>
    <comp ref="C10">
      <value>100nF</value>
      <footprint>Capacitor_SMD:C_0805_2012Metric</footprint>
      <datasheet>~</datasheet>
      <fields>
        <field name="LCSC">C49678</field>
      </fields>
      <libsource lib="Device" part="C_Small" description="Unpolarized capacitor, small symbol"/>
      <sheetpath names="/" tstamps="/"/>
      <tstamp>5EAB0934</tstamp>
    </comp>
    <comp ref="R1">
      <value>330</value>
      <footprint>Resistor_SMD:R_0805_2012Metric</footprint>
      <datasheet>~</datasheet>
      <fields>
        <field name="LCSC">C17630</field>
      </fields>
      <libsource lib="Device" part="R_Small" description="Resistor, small symbol"/>
      <sheetpath names="/" tstamps="/"/>
      <tstamp>5EACAB81</tstamp>
    </comp>
    <comp ref="R2">
      <value>825</value>
      <footprint>Resistor_SMD:R_0805_2012Metric</footprint>
      <datasheet>~</datasheet>
      <fields>
        <field name="LCSC">C17839</field>
      </fields>
      <libsource lib="Device" part="R_Small" description="Resistor, small symbol"/>
      <sheetpath names="/" tstamps="/"/>
      <tstamp>5ECA9B18</tstamp>
    </comp>
    <comp ref="R6">
      <value>825</value>
      <footprint>Resistor_SMD:R_0805_2012Metric</footprint>
      <datasheet>~</datasheet>
      <fields>
        <field name="LCSC">C17839</field>
      </fields>
      <libsource lib="Device" part="R_Small" description="Resistor, small symbol"/>
      <sheetpath names="/" tstamps="/"/>
      <tstamp>5ECAA5AE</tstamp>
    </comp>
    <comp ref="R7">
      <value>825</value>
      <footprint>Resistor_SMD:R_0805_2012Metric</footprint>
      <datasheet>~</datasheet>
      <fields>
        <field name="LCSC">C17839</field>
      </fields>
      <libsource lib="Device" part="R_Small" description="Resistor, small symbol"/>
      <sheetpath names="/" tstamps="/"/>
      <tstamp>5ECAAB8D</tstamp>
    </comp>
    <comp ref="R8">
      <value>825</value>
      <footprint>Resistor_SMD:R_0805_2012Metric</footprint>
      <datasheet>~</datasheet>
      <fields>
        <field name="LCSC">C17839</field>
      </fields>
      <libsource lib="Device" part="R_Small" description="Resistor, small symbol"/>
      <sheetpath names="/" tstamps="/"/>
      <tstamp>5ECAACAE</tstamp>
    </comp>
  </components>
  <libparts>
    <libpart lib="Connector" part="USB_B_Micro">
      <aliases>
        <alias>USB_B_Mini</alias>
      </aliases>
      <description>USB Micro Type B connector</description>
      <docs>~</docs>
      <footprints>
        <fp>USB*</fp>
      </footprints>
      <fields>
        <field name="Reference">J</field>
        <field name="Value">USB_B_Micro</field>
      </fields>
      <pins>
        <pin num="1" name="VBUS" type="power_out"/>
        <pin num="2" name="D-" type="passive"/>
        <pin num="3" name="D+" type="passive"/>
        <pin num="4" name="ID" type="passive"/>
        <pin num="5" name="GND" type="power_out"/>
        <pin num="6" name="Shield" type="passive"/>
      </pins>
    </libpart>
    <libpart lib="Connector_Generic" part="Conn_01x04">
      <description>Generic connector, single row, 01x04, script generated (kicad-library-utils/schlib/autogen/connector/)</description>
      <docs>~</docs>
      <footprints>
        <fp>Connector*:*_1x??_*</fp>
      </footprints>
      <fields>
        <field name="Reference">J</field>
        <field name="Value">Conn_01x04</field>
      </fields>
      <pins>
        <pin num="1" name="Pin_1" type="passive"/>
        <pin num="2" name="Pin_2" type="passive"/>
        <pin num="3" name="Pin_3" type="passive"/>
        <pin num="4" name="Pin_4" type="passive"/>
      </pins>
    </libpart>
    <libpart lib="Device" part="C_Small">
      <description>Unpolarized capacitor, small symbol</description>
      <docs>~</docs>
      <footprints>
        <fp>C_*</fp>
      </footprints>
      <fields>
        <field name="Reference">C</field>
        <field name="Value">C_Small</field>
      </fields>
      <pins>
        <pin num="1" name="~" type="passive"/>
        <pin num="2" name="~" type="passive"/>
      </pins>
    </libpart>
    <libpart lib="Device" part="L_Small">
      <description>Inductor, small symbol</description>
      <docs>~</docs>
      <footprints>
        <fp>Choke_*</fp>
        <fp>*Coil*</fp>
        <fp>Inductor_*</fp>
        <fp>L_*</fp>
      </footprints>
      <fields>
        <field name="Reference">L</field>
        <field name="Value">L_Small</field>
      </fields>
      <pins>
        <pin num="1" name="~" type="passive"/>
        <pin num="2" name="~" type="passive"/>
      </pins>
    </libpart>
    <libpart lib="Device" part="R_Small">
      <description>Resistor, small symbol</description>
      <docs>~</docs>
      <footprints>
        <fp>R_*</fp>
      </footprints>
      <fields>
        <field name="Reference">R</field>
        <field name="Value">R_Small</field>
      </fields>
      <pins>
        <pin num="1" name="~" type="passive"/>
        <pin num="2" name="~" type="passive"/>
      </pins>
    </libpart>
    <libpart lib="Diode" part="1N4148WS">
      <aliases>
        <alias>1N4448WS</alias>
        <alias>BAS316</alias>
      </aliases>
      <description>75V 0.15A Fast switching Diode, SOD-323</description>
      <docs>https://www.vishay.com/docs/85751/1n4148ws.pdf</docs>
      <footprints>
        <fp>D*SOD?323*</fp>
      </footprints>
      <fields>
        <field name="Reference">D</field>
        <field name="Value">1N4148WS</field>
        <field name="Footprint">Diode_SMD:D_SOD-323</field>
      </fields>
      <pins>
        <pin num="1" name="K" type="passive"/>
        <pin num="2" name="A" type="passive"/>
      </pins>
    </libpart>
    <libpart lib="MCU_ST_STM32F0" part="STM32F042K4Tx">
      <aliases>
        <alias>STM32F042K6Tx</alias>
      </aliases>
      <description>ARM Cortex-M0 MCU, 16KB flash, 6KB RAM, 48MHz, 2-3.6V, 26 GPIO, LQFP-32</description>
      <docs>http://www.st.com/st-web-ui/static/active/en/resource/technical/document/datasheet/DM00105814.pdf</docs>
      <footprints>
        <fp>LQFP*7x7mm*P0.8mm*</fp>
      </footprints>
      <fields>
        <field name="Reference">U</field>
        <field name="Value">STM32F042K4Tx</field>
        <field name="Footprint">Package_QFP:LQFP-32_7x7mm_P0.8mm</field>
      </fields>
      <pins>
        <pin num="1" name="VDD" type="power_in"/>
        <pin num="2" name="PF0" type="input"/>
        <pin num="3" name="PF1" type="input"/>
        <pin num="4" name="NRST" type="input"/>
        <pin num="5" name="VDDA" type="power_in"/>
        <pin num="6" name="PA0" type="BiDi"/>
        <pin num="7" name="PA1" type="BiDi"/>
        <pin num="8" name="PA2" type="BiDi"/>
        <pin num="9" name="PA3" type="BiDi"/>
        <pin num="10" name="PA4" type="BiDi"/>
        <pin num="11" name="PA5" type="BiDi"/>
        <pin num="12" name="PA6" type="BiDi"/>
        <pin num="13" name="PA7" type="BiDi"/>
        <pin num="14" name="PB0" type="BiDi"/>
        <pin num="15" name="PB1" type="BiDi"/>
        <pin num="16" name="VSS" type="power_in"/>
        <pin num="17" name="VDDIO2" type="power_in"/>
        <pin num="18" name="PA8" type="BiDi"/>
        <pin num="19" name="PA9" type="BiDi"/>
        <pin num="20" name="PA10" type="BiDi"/>
        <pin num="21" name="PA11" type="BiDi"/>
        <pin num="22" name="PA12" type="BiDi"/>
        <pin num="23" name="PA13" type="BiDi"/>
        <pin num="24" name="PA14" type="BiDi"/>
        <pin num="25" name="PA15" type="BiDi"/>
        <pin num="26" name="PB3" type="BiDi"/>
        <pin num="27" name="PB4" type="BiDi"/>
        <pin num="28" name="PB5" type="BiDi"/>
        <pin num="29" name="PB6" type="BiDi"/>
        <pin num="30" name="PB7" type="BiDi"/>
        <pin num="31" name="PB8" type="BiDi"/>
        <pin num="32" name="VSSA" type="power_in"/>
      </pins>
    </libpart>
    <libpart lib="Power_Protection" part="USBLC6-2SC6">
      <description>Bidirectional ESD Protection Diode, SOT-23-6</description>
      <docs>http://www2.st.com/resource/en/datasheet/CD00050750.pdf</docs>
      <footprints>
        <fp>SOT?23*</fp>
      </footprints>
      <fields>
        <field name="Reference">U</field>
        <field name="Value">USBLC6-2SC6</field>
        <field name="Footprint">Package_TO_SOT_SMD:SOT-23-6</field>
      </fields>
      <pins>
        <pin num="1" name="IO1" type="passive"/>
        <pin num="2" name="GND" type="passive"/>
        <pin num="3" name="IO2" type="passive"/>
        <pin num="4" name="IO2" type="passive"/>
        <pin num="5" name="VBUS" type="passive"/>
        <pin num="6" name="IO1" type="passive"/>
      </pins>
    </libpart>
    <libpart lib="Regulator_Switching" part="TLV62568DRL">
      <aliases>
        <alias>TLV62569DRL</alias>
      </aliases>
      <description>High Efficiency Synchronous Buck Converter, Adjustable Output 0.6V-5.5V, 1A, SOT-563-6</description>
      <docs>http://www.ti.com/lit/ds/symlink/tlv62568.pdf</docs>
      <footprints>
        <fp>SOT*563*</fp>
      </footprints>
      <fields>
        <field name="Reference">U</field>
        <field name="Value">TLV62568DRL</field>
        <field name="Footprint">Package_TO_SOT_SMD:SOT-563</field>
      </fields>
      <pins>
        <pin num="1" name="FB" type="input"/>
        <pin num="2" name="GND" type="power_in"/>
        <pin num="3" name="VIN" type="power_in"/>
        <pin num="4" name="SW" type="power_out"/>
        <pin num="5" name="EN" type="input"/>
        <pin num="6" name="NC" type="NotConnected"/>
      </pins>
    </libpart>
    <libpart lib="icepad-rescue" part="MX-LED-MX_Alps_Hybrid">
      <fields>
        <field name="Reference">MX</field>
        <field name="Value">MX-LED-MX_Alps_Hybrid</field>
      </fields>
      <pins>
        <pin num="1" name="COL" type="passive"/>
        <pin num="2" name="ROW" type="passive"/>
        <pin num="3" name="LED" type="input"/>
        <pin num="4" name="LEDGND" type="passive"/>
      </pins>
    </libpart>
  </libparts>
  <libraries>
    <library logical="Connector">
      <uri>/usr/share/kicad/library/Connector.lib</uri>
    </library>
    <library logical="Connector_Generic">
      <uri>/usr/share/kicad/library/Connector_Generic.lib</uri>
    </library>
    <library logical="Device">
      <uri>/usr/share/kicad/library/Device.lib</uri>
    </library>
    <library logical="Diode">
      <uri>/usr/share/kicad/library/Diode.lib</uri>
    </library>
    <library logical="MCU_ST_STM32F0">
      <uri>/usr/share/kicad/library/MCU_ST_STM32F0.lib</uri>
    </library>
    <library logical="Power_Protection">
      <uri>/usr/share/kicad/library/Power_Protection.lib</uri>
    </library>
    <library logical="Regulator_Switching">
      <uri>/usr/share/kicad/library/Regulator_Switching.lib</uri>
    </library>
    <library logical="icepad-rescue">
      <uri>/home/ben/Kicad/icepad/icepad/icepad-rescue.lib</uri>
    </library>
  </libraries>
  <nets>
    <net code="1" name="Net-(L1-Pad1)">
      <node ref="L1" pin="1"/>
      <node ref="U3" pin="4"/>
    </net>
    <net code="2" name="Net-(U3-Pad6)">
      <node ref="U3" pin="6"/>
    </net>
    <net code="3" name="VBUS">
      <node ref="U3" pin="3"/>
      <node ref="U3" pin="5"/>
      <node ref="C8" pin="1"/>
      <node ref="U2" pin="5"/>
      <node ref="J2" pin="1"/>
    </net>
    <net code="4" name="DN">
      <node ref="U1" pin="21"/>
      <node ref="U2" pin="3"/>
    </net>
    <net code="5" name="Net-(R4-Pad2)">
      <node ref="R4" pin="2"/>
      <node ref="R5" pin="1"/>
      <node ref="U3" pin="1"/>
    </net>
    <net code="6" name="GND">
      <node ref="J1" pin="4"/>
      <node ref="C2" pin="2"/>
      <node ref="C1" pin="2"/>
      <node ref="C5" pin="2"/>
      <node ref="J2" pin="5"/>
      <node ref="C7" pin="2"/>
      <node ref="C6" pin="2"/>
      <node ref="U3" pin="2"/>
      <node ref="U2" pin="2"/>
      <node ref="R5" pin="2"/>
      <node ref="C8" pin="2"/>
      <node ref="C10" pin="1"/>
      <node ref="U1" pin="16"/>
      <node ref="C9" pin="2"/>
      <node ref="U1" pin="32"/>
      <node ref="C3" pin="2"/>
      <node ref="C4" pin="2"/>
      <node ref="R1" pin="2"/>
    </net>
    <net code="7" name="DP">
      <node ref="U2" pin="1"/>
      <node ref="U1" pin="22"/>
    </net>
    <net code="8" name="+3V3">
      <node ref="U1" pin="5"/>
      <node ref="C7" pin="1"/>
      <node ref="R3" pin="2"/>
      <node ref="C6" pin="1"/>
      <node ref="C4" pin="1"/>
      <node ref="C3" pin="1"/>
      <node ref="C1" pin="1"/>
      <node ref="U1" pin="1"/>
      <node ref="U1" pin="17"/>
      <node ref="C2" pin="1"/>
      <node ref="C5" pin="1"/>
      <node ref="J1" pin="1"/>
      <node ref="C9" pin="1"/>
      <node ref="L1" pin="2"/>
      <node ref="R4" pin="1"/>
    </net>
    <net code="9" name="SWDIO">
      <node ref="J1" pin="3"/>
      <node ref="U1" pin="23"/>
    </net>
    <net code="10" name="SWCLK">
      <node ref="U1" pin="24"/>
      <node ref="J1" pin="2"/>
    </net>
    <net code="11" name="Col_1_Key">
      <node ref="MX7" pin="1"/>
      <node ref="U1" pin="7"/>
      <node ref="MX5" pin="1"/>
      <node ref="MX6" pin="1"/>
      <node ref="MX8" pin="1"/>
    </net>
    <net code="12" name="Net-(R3-Pad1)">
      <node ref="R3" pin="1"/>
      <node ref="U1" pin="4"/>
    </net>
    <net code="13" name="Row_3_Key">
      <node ref="D16" pin="1"/>
      <node ref="D12" pin="1"/>
      <node ref="D8" pin="1"/>
      <node ref="D4" pin="1"/>
      <node ref="U1" pin="13"/>
    </net>
    <net code="14" name="Row_2_Key">
      <node ref="D15" pin="1"/>
      <node ref="D11" pin="1"/>
      <node ref="U1" pin="12"/>
      <node ref="D7" pin="1"/>
      <node ref="D3" pin="1"/>
    </net>
    <net code="15" name="Row_1_Key">
      <node ref="U1" pin="11"/>
      <node ref="D10" pin="1"/>
      <node ref="D6" pin="1"/>
      <node ref="D2" pin="1"/>
      <node ref="D14" pin="1"/>
    </net>
    <net code="16" name="Row_0_Key">
      <node ref="D13" pin="1"/>
      <node ref="D5" pin="1"/>
      <node ref="D9" pin="1"/>
      <node ref="D1" pin="1"/>
      <node ref="U1" pin="10"/>
    </net>
    <net code="17" name="Col_0_Key">
      <node ref="MX1" pin="1"/>
      <node ref="U1" pin="6"/>
      <node ref="MX3" pin="1"/>
      <node ref="MX2" pin="1"/>
      <node ref="MX4" pin="1"/>
    </net>
    <net code="18" name="Col_2_Key">
      <node ref="U1" pin="8"/>
      <node ref="MX11" pin="1"/>
      <node ref="MX10" pin="1"/>
      <node ref="MX9" pin="1"/>
      <node ref="MX12" pin="1"/>
    </net>
    <net code="19" name="Col_3_Key">
      <node ref="MX15" pin="1"/>
      <node ref="MX14" pin="1"/>
      <node ref="MX16" pin="1"/>
      <node ref="MX13" pin="1"/>
      <node ref="U1" pin="9"/>
    </net>
    <net code="20" name="Row_3_LED">
      <node ref="MX16" pin="4"/>
      <node ref="MX12" pin="4"/>
      <node ref="MX8" pin="4"/>
      <node ref="U1" pin="25"/>
      <node ref="MX4" pin="4"/>
    </net>
    <net code="21" name="DP_pre">
      <node ref="J2" pin="3"/>
      <node ref="U2" pin="6"/>
    </net>
    <net code="22" name="DN_pre">
      <node ref="U2" pin="4"/>
      <node ref="J2" pin="2"/>
    </net>
    <net code="23" name="Row_0_LED">
      <node ref="MX1" pin="4"/>
      <node ref="MX5" pin="4"/>
      <node ref="U1" pin="28"/>
      <node ref="MX9" pin="4"/>
      <node ref="MX13" pin="4"/>
    </net>
    <net code="24" name="Row_1_LED">
      <node ref="U1" pin="27"/>
      <node ref="MX14" pin="4"/>
      <node ref="MX10" pin="4"/>
      <node ref="MX2" pin="4"/>
      <node ref="MX6" pin="4"/>
    </net>
    <net code="25" name="Row_2_LED">
      <node ref="MX11" pin="4"/>
      <node ref="MX7" pin="4"/>
      <node ref="U1" pin="26"/>
      <node ref="MX3" pin="4"/>
      <node ref="MX15" pin="4"/>
    </net>
    <net code="26" name="Net-(J2-Pad4)">
      <node ref="J2" pin="4"/>
    </net>
    <net code="27" name="Col_1_LED">
      <node ref="U1" pin="15"/>
      <node ref="R6" pin="1"/>
    </net>
    <net code="28" name="Col_0_LED">
      <node ref="R2" pin="1"/>
      <node ref="U1" pin="14"/>
    </net>
    <net code="29" name="Col_2_LED">
      <node ref="R7" pin="1"/>
      <node ref="U1" pin="19"/>
    </net>
    <net code="30" name="Col_3_LED">
      <node ref="U1" pin="20"/>
      <node ref="R8" pin="1"/>
    </net>
    <net code="31" name="Net-(D14-Pad2)">
      <node ref="D14" pin="2"/>
      <node ref="MX14" pin="2"/>
    </net>
    <net code="32" name="Net-(D12-Pad2)">
      <node ref="MX12" pin="2"/>
      <node ref="D12" pin="2"/>
    </net>
    <net code="33" name="Net-(D16-Pad2)">
      <node ref="D16" pin="2"/>
      <node ref="MX16" pin="2"/>
    </net>
    <net code="34" name="Net-(D5-Pad2)">
      <node ref="MX5" pin="2"/>
      <node ref="D5" pin="2"/>
    </net>
    <net code="35" name="Net-(D9-Pad2)">
      <node ref="D9" pin="2"/>
      <node ref="MX9" pin="2"/>
    </net>
    <net code="36" name="Net-(D13-Pad2)">
      <node ref="D13" pin="2"/>
      <node ref="MX13" pin="2"/>
    </net>
    <net code="37" name="Net-(D8-Pad2)">
      <node ref="MX8" pin="2"/>
      <node ref="D8" pin="2"/>
    </net>
    <net code="38" name="Net-(D10-Pad2)">
      <node ref="D10" pin="2"/>
      <node ref="MX10" pin="2"/>
    </net>
    <net code="39" name="Net-(D6-Pad2)">
      <node ref="MX6" pin="2"/>
      <node ref="D6" pin="2"/>
    </net>
    <net code="40" name="Net-(D2-Pad2)">
      <node ref="D2" pin="2"/>
      <node ref="MX2" pin="2"/>
    </net>
    <net code="41" name="Net-(D3-Pad2)">
      <node ref="D3" pin="2"/>
      <node ref="MX3" pin="2"/>
    </net>
    <net code="42" name="Net-(D7-Pad2)">
      <node ref="MX7" pin="2"/>
      <node ref="D7" pin="2"/>
    </net>
    <net code="43" name="Net-(D11-Pad2)">
      <node ref="MX11" pin="2"/>
      <node ref="D11" pin="2"/>
    </net>
    <net code="44" name="Net-(D15-Pad2)">
      <node ref="D15" pin="2"/>
      <node ref="MX15" pin="2"/>
    </net>
    <net code="45" name="Net-(D4-Pad2)">
      <node ref="MX4" pin="2"/>
      <node ref="D4" pin="2"/>
    </net>
    <net code="46" name="Net-(C10-Pad2)">
      <node ref="J2" pin="6"/>
      <node ref="R1" pin="1"/>
      <node ref="C10" pin="2"/>
    </net>
    <net code="47" name="Net-(MX5-Pad3)">
      <node ref="MX6" pin="3"/>
      <node ref="MX5" pin="3"/>
      <node ref="MX8" pin="3"/>
      <node ref="R6" pin="2"/>
      <node ref="MX7" pin="3"/>
    </net>
    <net code="48" name="Net-(MX1-Pad3)">
      <node ref="MX2" pin="3"/>
      <node ref="MX4" pin="3"/>
      <node ref="MX1" pin="3"/>
      <node ref="MX3" pin="3"/>
      <node ref="R2" pin="2"/>
    </net>
    <net code="49" name="Net-(MX13-Pad3)">
      <node ref="MX15" pin="3"/>
      <node ref="MX14" pin="3"/>
      <node ref="R8" pin="2"/>
      <node ref="MX13" pin="3"/>
      <node ref="MX16" pin="3"/>
    </net>
    <net code="50" name="Net-(D1-Pad2)">
      <node ref="MX1" pin="2"/>
      <node ref="D1" pin="2"/>
    </net>
    <net code="51" name="Net-(MX10-Pad3)">
      <node ref="MX10" pin="3"/>
      <node ref="R7" pin="2"/>
      <node ref="MX12" pin="3"/>
      <node ref="MX9" pin="3"/>
      <node ref="MX11" pin="3"/>
    </net>
    <net code="52" name="Net-(U1-Pad2)">
      <node ref="U1" pin="2"/>
    </net>
    <net code="53" name="Net-(U1-Pad29)">
      <node ref="U1" pin="29"/>
    </net>
    <net code="54" name="Net-(U1-Pad3)">
      <node ref="U1" pin="3"/>
    </net>
    <net code="55" name="Net-(U1-Pad30)">
      <node ref="U1" pin="30"/>
    </net>
    <net code="56" name="Net-(U1-Pad31)">
      <node ref="U1" pin="31"/>
    </net>
    <net code="57" name="Net-(U1-Pad18)">
      <node ref="U1" pin="18"/>
    </net>
  </nets>
</export>
